season,gameweek,date,home_team,away_team,status
2025-2026,15,2025-12-08,Wolverhampton Wanderers FC,Manchester United FC,TIMED
2025-2026,16,2025-12-13,Chelsea FC,Everton FC,TIMED
2025-2026,16,2025-12-13,Liverpool FC,Brighton & Hove Albion FC,TIMED
2025-2026,16,2025-12-13,Burnley FC,Fulham FC,TIMED
2025-2026,16,2025-12-13,Arsenal FC,Wolverhampton Wanderers FC,TIMED
2025-2026,16,2025-12-14,Sunderland AFC,Newcastle United FC,TIMED
2025-2026,16,2025-12-14,Crystal Palace FC,Manchester City FC,TIMED
2025-2026,16,2025-12-14,Nottingham Forest FC,Tottenham Hotspur FC,TIMED
2025-2026,16,2025-12-14,West Ham United FC,Aston Villa FC,TIMED
2025-2026,16,2025-12-14,Brentford FC,Leeds United FC,TIMED
2025-2026,16,2025-12-15,Manchester United FC,AFC Bournemouth,TIMED
2025-2026,17,2025-12-20,Newcastle United FC,Chelsea FC,TIMED
2025-2026,17,2025-12-20,AFC Bournemouth,Burnley FC,TIMED
2025-2026,17,2025-12-20,Brighton & Hove Albion FC,Sunderland AFC,TIMED
2025-2026,17,2025-12-20,Manchester City FC,West Ham United FC,TIMED
2025-2026,17,2025-12-20,Wolverhampton Wanderers FC,Brentford FC,TIMED
2025-2026,17,2025-12-20,Tottenham Hotspur FC,Liverpool FC,TIMED
2025-2026,17,2025-12-20,Everton FC,Arsenal FC,TIMED
2025-2026,17,2025-12-20,Leeds United FC,Crystal Palace FC,TIMED
2025-2026,17,2025-12-21,Aston Villa FC,Manchester United FC,TIMED
2025-2026,17,2025-12-22,Fulham FC,Nottingham Forest FC,TIMED
2025-2026,18,2025-12-26,Manchester United FC,Newcastle United FC,TIMED
2025-2026,18,2025-12-27,Nottingham Forest FC,Manchester City FC,TIMED
2025-2026,18,2025-12-27,Arsenal FC,Brighton & Hove Albion FC,TIMED
2025-2026,18,2025-12-27,Brentford FC,AFC Bournemouth,TIMED
2025-2026,18,2025-12-27,Burnley FC,Everton FC,TIMED
2025-2026,18,2025-12-27,Liverpool FC,Wolverhampton Wanderers FC,TIMED
2025-2026,18,2025-12-27,West Ham United FC,Fulham FC,TIMED
2025-2026,18,2025-12-27,Chelsea FC,Aston Villa FC,TIMED
2025-2026,18,2025-12-28,Sunderland AFC,Leeds United FC,TIMED
2025-2026,18,2025-12-28,Crystal Palace FC,Tottenham Hotspur FC,TIMED
2025-2026,19,2025-12-30,Burnley FC,Newcastle United FC,TIMED
2025-2026,19,2025-12-30,Chelsea FC,AFC Bournemouth,TIMED
2025-2026,19,2025-12-30,Nottingham Forest FC,Everton FC,TIMED
2025-2026,19,2025-12-30,West Ham United FC,Brighton & Hove Albion FC,TIMED
2025-2026,19,2025-12-30,Arsenal FC,Aston Villa FC,TIMED
2025-2026,19,2025-12-30,Manchester United FC,Wolverhampton Wanderers FC,TIMED
2025-2026,19,2026-01-01,Crystal Palace FC,Fulham FC,TIMED
2025-2026,19,2026-01-01,Liverpool FC,Leeds United FC,TIMED
2025-2026,19,2026-01-01,Sunderland AFC,Manchester City FC,TIMED
2025-2026,19,2026-01-01,Brentford FC,Tottenham Hotspur FC,TIMED
2025-2026,20,2026-01-03,Aston Villa FC,Nottingham Forest FC,TIMED
2025-2026,20,2026-01-03,Brighton & Hove Albion FC,Burnley FC,TIMED
2025-2026,20,2026-01-03,Wolverhampton Wanderers FC,West Ham United FC,TIMED
2025-2026,20,2026-01-03,AFC Bournemouth,Arsenal FC,TIMED
2025-2026,20,2026-01-04,Leeds United FC,Manchester United FC,TIMED
2025-2026,20,2026-01-04,Everton FC,Brentford FC,TIMED
2025-2026,20,2026-01-04,Fulham FC,Liverpool FC,TIMED
2025-2026,20,2026-01-04,Newcastle United FC,Crystal Palace FC,TIMED
2025-2026,20,2026-01-04,Tottenham Hotspur FC,Sunderland AFC,TIMED
2025-2026,20,2026-01-04,Manchester City FC,Chelsea FC,TIMED
2025-2026,21,2026-01-06,West Ham United FC,Nottingham Forest FC,TIMED
2025-2026,21,2026-01-07,AFC Bournemouth,Tottenham Hotspur FC,TIMED
2025-2026,21,2026-01-07,Crystal Palace FC,Aston Villa FC,TIMED
2025-2026,21,2026-01-07,Brentford FC,Sunderland AFC,TIMED
2025-2026,21,2026-01-07,Everton FC,Wolverhampton Wanderers FC,TIMED
2025-2026,21,2026-01-07,Fulham FC,Chelsea FC,TIMED
2025-2026,21,2026-01-07,Manchester City FC,Brighton & Hove Albion FC,TIMED
2025-2026,21,2026-01-07,Burnley FC,Manchester United FC,TIMED
2025-2026,21,2026-01-07,Newcastle United FC,Leeds United FC,TIMED
2025-2026,21,2026-01-08,Arsenal FC,Liverpool FC,TIMED
2025-2026,22,2026-01-17,Manchester United FC,Manchester City FC,TIMED
2025-2026,22,2026-01-17,Sunderland AFC,Crystal Palace FC,TIMED
2025-2026,22,2026-01-17,Chelsea FC,Brentford FC,TIMED
2025-2026,22,2026-01-17,Liverpool FC,Burnley FC,TIMED
2025-2026,22,2026-01-17,Leeds United FC,Fulham FC,TIMED
2025-2026,22,2026-01-17,Tottenham Hotspur FC,West Ham United FC,TIMED
2025-2026,22,2026-01-17,Nottingham Forest FC,Arsenal FC,TIMED
2025-2026,22,2026-01-18,Wolverhampton Wanderers FC,Newcastle United FC,TIMED
2025-2026,22,2026-01-18,Aston Villa FC,Everton FC,TIMED
2025-2026,22,2026-01-19,Brighton & Hove Albion FC,AFC Bournemouth,TIMED
2025-2026,23,2026-01-24,West Ham United FC,Sunderland AFC,TIMED
2025-2026,23,2026-01-24,Burnley FC,Tottenham Hotspur FC,TIMED
2025-2026,23,2026-01-24,Fulham FC,Brighton & Hove Albion FC,TIMED
2025-2026,23,2026-01-24,Manchester City FC,Wolverhampton Wanderers FC,TIMED
2025-2026,23,2026-01-24,AFC Bournemouth,Liverpool FC,TIMED
2025-2026,23,2026-01-25,Crystal Palace FC,Chelsea FC,TIMED
2025-2026,23,2026-01-25,Brentford FC,Nottingham Forest FC,TIMED
2025-2026,23,2026-01-25,Newcastle United FC,Aston Villa FC,TIMED
2025-2026,23,2026-01-25,Arsenal FC,Manchester United FC,TIMED
2025-2026,23,2026-01-26,Everton FC,Leeds United FC,TIMED
2025-2026,24,2026-01-31,Brighton & Hove Albion FC,Everton FC,TIMED
2025-2026,24,2026-01-31,Leeds United FC,Arsenal FC,TIMED
2025-2026,24,2026-01-31,Wolverhampton Wanderers FC,AFC Bournemouth,TIMED
2025-2026,24,2026-01-31,Chelsea FC,West Ham United FC,TIMED
2025-2026,24,2026-01-31,Liverpool FC,Newcastle United FC,TIMED
2025-2026,24,2026-02-01,Aston Villa FC,Brentford FC,TIMED
2025-2026,24,2026-02-01,Manchester United FC,Fulham FC,TIMED
2025-2026,24,2026-02-01,Nottingham Forest FC,Crystal Palace FC,TIMED
2025-2026,24,2026-02-01,Tottenham Hotspur FC,Manchester City FC,TIMED
2025-2026,24,2026-02-02,Sunderland AFC,Burnley FC,TIMED
2025-2026,25,2026-02-07,AFC Bournemouth,Aston Villa FC,SCHEDULED
2025-2026,25,2026-02-07,Brighton & Hove Albion FC,Crystal Palace FC,SCHEDULED
2025-2026,25,2026-02-07,Arsenal FC,Sunderland AFC,SCHEDULED
2025-2026,25,2026-02-07,Burnley FC,West Ham United FC,SCHEDULED
2025-2026,25,2026-02-07,Fulham FC,Everton FC,SCHEDULED
2025-2026,25,2026-02-07,Liverpool FC,Manchester City FC,SCHEDULED
2025-2026,25,2026-02-07,Leeds United FC,Nottingham Forest FC,SCHEDULED
2025-2026,25,2026-02-07,Manchester United FC,Tottenham Hotspur FC,SCHEDULED
2025-2026,25,2026-02-07,Newcastle United FC,Brentford FC,SCHEDULED
2025-2026,25,2026-02-07,Wolverhampton Wanderers FC,Chelsea FC,SCHEDULED
2025-2026,26,2026-02-11,Sunderland AFC,Liverpool FC,SCHEDULED
2025-2026,26,2026-02-11,Aston Villa FC,Brighton & Hove Albion FC,SCHEDULED
2025-2026,26,2026-02-11,Crystal Palace FC,Burnley FC,SCHEDULED
2025-2026,26,2026-02-11,Brentford FC,Arsenal FC,SCHEDULED
2025-2026,26,2026-02-11,Chelsea FC,Leeds United FC,SCHEDULED
2025-2026,26,2026-02-11,Everton FC,AFC Bournemouth,SCHEDULED
2025-2026,26,2026-02-11,Manchester City FC,Fulham FC,SCHEDULED
2025-2026,26,2026-02-11,Nottingham Forest FC,Wolverhampton Wanderers FC,SCHEDULED
2025-2026,26,2026-02-11,Tottenham Hotspur FC,Newcastle United FC,SCHEDULED
2025-2026,26,2026-02-11,West Ham United FC,Manchester United FC,SCHEDULED
2025-2026,27,2026-02-21,Sunderland AFC,Fulham FC,SCHEDULED
2025-2026,27,2026-02-21,Aston Villa FC,Leeds United FC,SCHEDULED
2025-2026,27,2026-02-21,Crystal Palace FC,Wolverhampton Wanderers FC,SCHEDULED
2025-2026,27,2026-02-21,Brentford FC,Brighton & Hove Albion FC,SCHEDULED
2025-2026,27,2026-02-21,Chelsea FC,Burnley FC,SCHEDULED
2025-2026,27,2026-02-21,Everton FC,Manchester United FC,SCHEDULED
2025-2026,27,2026-02-21,Manchester City FC,Newcastle United FC,SCHEDULED
2025-2026,27,2026-02-21,Nottingham Forest FC,Liverpool FC,SCHEDULED
2025-2026,27,2026-02-21,Tottenham Hotspur FC,Arsenal FC,SCHEDULED
2025-2026,27,2026-02-21,West Ham United FC,AFC Bournemouth,SCHEDULED
2025-2026,28,2026-02-28,AFC Bournemouth,Sunderland AFC,SCHEDULED
2025-2026,28,2026-02-28,Brighton & Hove Albion FC,Nottingham Forest FC,SCHEDULED
2025-2026,28,2026-02-28,Arsenal FC,Chelsea FC,SCHEDULED
2025-2026,28,2026-02-28,Burnley FC,Brentford FC,SCHEDULED
2025-2026,28,2026-02-28,Fulham FC,Tottenham Hotspur FC,SCHEDULED
2025-2026,28,2026-02-28,Liverpool FC,West Ham United FC,SCHEDULED
2025-2026,28,2026-02-28,Leeds United FC,Manchester City FC,SCHEDULED
2025-2026,28,2026-02-28,Manchester United FC,Crystal Palace FC,SCHEDULED
2025-2026,28,2026-02-28,Newcastle United FC,Everton FC,SCHEDULED
2025-2026,28,2026-02-28,Wolverhampton Wanderers FC,Aston Villa FC,SCHEDULED
2025-2026,29,2026-03-04,AFC Bournemouth,Brentford FC,SCHEDULED
2025-2026,29,2026-03-04,Aston Villa FC,Chelsea FC,SCHEDULED
2025-2026,29,2026-03-04,Brighton & Hove Albion FC,Arsenal FC,SCHEDULED
2025-2026,29,2026-03-04,Everton FC,Burnley FC,SCHEDULED
2025-2026,29,2026-03-04,Fulham FC,West Ham United FC,SCHEDULED
2025-2026,29,2026-03-04,Leeds United FC,Sunderland AFC,SCHEDULED
2025-2026,29,2026-03-04,Manchester City FC,Nottingham Forest FC,SCHEDULED
2025-2026,29,2026-03-04,Newcastle United FC,Manchester United FC,SCHEDULED
2025-2026,29,2026-03-04,Tottenham Hotspur FC,Crystal Palace FC,SCHEDULED
2025-2026,29,2026-03-04,Wolverhampton Wanderers FC,Liverpool FC,SCHEDULED
2025-2026,30,2026-03-14,Sunderland AFC,Brighton & Hove Albion FC,SCHEDULED
2025-2026,30,2026-03-14,Crystal Palace FC,Leeds United FC,SCHEDULED
2025-2026,30,2026-03-14,Arsenal FC,Everton FC,SCHEDULED
2025-2026,30,2026-03-14,Brentford FC,Wolverhampton Wanderers FC,SCHEDULED
2025-2026,30,2026-03-14,Burnley FC,AFC Bournemouth,SCHEDULED
2025-2026,30,2026-03-14,Chelsea FC,Newcastle United FC,SCHEDULED
2025-2026,30,2026-03-14,Liverpool FC,Tottenham Hotspur FC,SCHEDULED
2025-2026,30,2026-03-14,Manchester United FC,Aston Villa FC,SCHEDULED
2025-2026,30,2026-03-14,Nottingham Forest FC,Fulham FC,SCHEDULED
2025-2026,30,2026-03-14,West Ham United FC,Manchester City FC,SCHEDULED
2025-2026,31,2026-03-21,AFC Bournemouth,Manchester United FC,SCHEDULED
2025-2026,31,2026-03-21,Aston Villa FC,West Ham United FC,SCHEDULED
2025-2026,31,2026-03-21,Brighton & Hove Albion FC,Liverpool FC,SCHEDULED
2025-2026,31,2026-03-21,Everton FC,Chelsea FC,SCHEDULED
2025-2026,31,2026-03-21,Fulham FC,Burnley FC,SCHEDULED
2025-2026,31,2026-03-21,Leeds United FC,Brentford FC,SCHEDULED
2025-2026,31,2026-03-21,Manchester City FC,Crystal Palace FC,SCHEDULED
2025-2026,31,2026-03-21,Newcastle United FC,Sunderland AFC,SCHEDULED
2025-2026,31,2026-03-21,Tottenham Hotspur FC,Nottingham Forest FC,SCHEDULED
2025-2026,31,2026-03-21,Wolverhampton Wanderers FC,Arsenal FC,SCHEDULED
2025-2026,32,2026-04-11,Sunderland AFC,Tottenham Hotspur FC,SCHEDULED
2025-2026,32,2026-04-11,Crystal Palace FC,Newcastle United FC,SCHEDULED
2025-2026,32,2026-04-11,Arsenal FC,AFC Bournemouth,SCHEDULED
2025-2026,32,2026-04-11,Brentford FC,Everton FC,SCHEDULED
2025-2026,32,2026-04-11,Burnley FC,Brighton & Hove Albion FC,SCHEDULED
2025-2026,32,2026-04-11,Chelsea FC,Manchester City FC,SCHEDULED
2025-2026,32,2026-04-11,Liverpool FC,Fulham FC,SCHEDULED
2025-2026,32,2026-04-11,Manchester United FC,Leeds United FC,SCHEDULED
2025-2026,32,2026-04-11,Nottingham Forest FC,Aston Villa FC,SCHEDULED
2025-2026,32,2026-04-11,West Ham United FC,Wolverhampton Wanderers FC,SCHEDULED
2025-2026,33,2026-04-18,Newcastle United FC,AFC Bournemouth,SCHEDULED
2025-2026,33,2026-04-18,Nottingham Forest FC,Burnley FC,SCHEDULED
2025-2026,33,2026-04-18,Tottenham Hotspur FC,Brighton & Hove Albion FC,SCHEDULED
2025-2026,33,2026-04-18,Aston Villa FC,Sunderland AFC,SCHEDULED
2025-2026,33,2026-04-18,Crystal Palace FC,West Ham United FC,SCHEDULED
2025-2026,33,2026-04-18,Brentford FC,Fulham FC,SCHEDULED
2025-2026,33,2026-04-18,Chelsea FC,Manchester United FC,SCHEDULED
2025-2026,33,2026-04-18,Everton FC,Liverpool FC,SCHEDULED
2025-2026,33,2026-04-18,Leeds United FC,Wolverhampton Wanderers FC,SCHEDULED
2025-2026,33,2026-04-18,Manchester City FC,Arsenal FC,SCHEDULED
2025-2026,34,2026-04-25,AFC Bournemouth,Leeds United FC,SCHEDULED
2025-2026,34,2026-04-25,Sunderland AFC,Nottingham Forest FC,SCHEDULED
2025-2026,34,2026-04-25,Brighton & Hove Albion FC,Chelsea FC,SCHEDULED
2025-2026,34,2026-04-25,Arsenal FC,Newcastle United FC,SCHEDULED
2025-2026,34,2026-04-25,Burnley FC,Manchester City FC,SCHEDULED
2025-2026,34,2026-04-25,Fulham FC,Aston Villa FC,SCHEDULED
2025-2026,34,2026-04-25,Liverpool FC,Crystal Palace FC,SCHEDULED
2025-2026,34,2026-04-25,Manchester United FC,Brentford FC,SCHEDULED
2025-2026,34,2026-04-25,West Ham United FC,Everton FC,SCHEDULED
2025-2026,34,2026-04-25,Wolverhampton Wanderers FC,Tottenham Hotspur FC,SCHEDULED
2025-2026,35,2026-05-02,AFC Bournemouth,Crystal Palace FC,SCHEDULED
2025-2026,35,2026-05-02,Aston Villa FC,Tottenham Hotspur FC,SCHEDULED
2025-2026,35,2026-05-02,Arsenal FC,Fulham FC,SCHEDULED
2025-2026,35,2026-05-02,Brentford FC,West Ham United FC,SCHEDULED
2025-2026,35,2026-05-02,Chelsea FC,Nottingham Forest FC,SCHEDULED
2025-2026,35,2026-05-02,Everton FC,Manchester City FC,SCHEDULED
2025-2026,35,2026-05-02,Leeds United FC,Burnley FC,SCHEDULED
2025-2026,35,2026-05-02,Manchester United FC,Liverpool FC,SCHEDULED
2025-2026,35,2026-05-02,Newcastle United FC,Brighton & Hove Albion FC,SCHEDULED
2025-2026,35,2026-05-02,Wolverhampton Wanderers FC,Sunderland AFC,SCHEDULED
2025-2026,36,2026-05-09,Sunderland AFC,Manchester United FC,SCHEDULED
2025-2026,36,2026-05-09,Brighton & Hove Albion FC,Wolverhampton Wanderers FC,SCHEDULED
2025-2026,36,2026-05-09,Crystal Palace FC,Everton FC,SCHEDULED
2025-2026,36,2026-05-09,Burnley FC,Aston Villa FC,SCHEDULED
2025-2026,36,2026-05-09,Fulham FC,AFC Bournemouth,SCHEDULED
2025-2026,36,2026-05-09,Liverpool FC,Chelsea FC,SCHEDULED
2025-2026,36,2026-05-09,Manchester City FC,Brentford FC,SCHEDULED
2025-2026,36,2026-05-09,Nottingham Forest FC,Newcastle United FC,SCHEDULED
2025-2026,36,2026-05-09,Tottenham Hotspur FC,Leeds United FC,SCHEDULED
2025-2026,36,2026-05-09,West Ham United FC,Arsenal FC,SCHEDULED
2025-2026,37,2026-05-17,AFC Bournemouth,Manchester City FC,SCHEDULED
2025-2026,37,2026-05-17,Aston Villa FC,Liverpool FC,SCHEDULED
2025-2026,37,2026-05-17,Arsenal FC,Burnley FC,SCHEDULED
2025-2026,37,2026-05-17,Brentford FC,Crystal Palace FC,SCHEDULED
2025-2026,37,2026-05-17,Chelsea FC,Tottenham Hotspur FC,SCHEDULED
2025-2026,37,2026-05-17,Everton FC,Sunderland AFC,SCHEDULED
2025-2026,37,2026-05-17,Leeds United FC,Brighton & Hove Albion FC,SCHEDULED
2025-2026,37,2026-05-17,Manchester United FC,Nottingham Forest FC,SCHEDULED
2025-2026,37,2026-05-17,Newcastle United FC,West Ham United FC,SCHEDULED
2025-2026,37,2026-05-17,Wolverhampton Wanderers FC,Fulham FC,SCHEDULED
2025-2026,38,2026-05-24,Sunderland AFC,Chelsea FC,SCHEDULED
2025-2026,38,2026-05-24,Brighton & Hove Albion FC,Manchester United FC,SCHEDULED
2025-2026,38,2026-05-24,Crystal Palace FC,Arsenal FC,SCHEDULED
2025-2026,38,2026-05-24,Burnley FC,Wolverhampton Wanderers FC,SCHEDULED
2025-2026,38,2026-05-24,Fulham FC,Newcastle United FC,SCHEDULED
2025-2026,38,2026-05-24,Liverpool FC,Brentford FC,SCHEDULED
2025-2026,38,2026-05-24,Manchester City FC,Aston Villa FC,SCHEDULED
2025-2026,38,2026-05-24,Nottingham Forest FC,AFC Bournemouth,SCHEDULED
2025-2026,38,2026-05-24,Tottenham Hotspur FC,Everton FC,SCHEDULED
2025-2026,38,2026-05-24,West Ham United FC,Leeds United FC,SCHEDULED
